{"5": {"CH4": {"schedule": "80", "size": "NPS 6", "material": "316L", "safety factor": 4, "temperatures": {"initial": [300, "kelvin"], "cj": [2810.5068828477597, "kelvin"], "reflected": [3189.2374869549517, "kelvin"]}, "pressures": {"initial": [1.775494051246097, "atmosphere"], "cj": [30.5989080183043, "atmosphere"], "reflected": [74.61589603754206, "atmosphere"]}, "dimensions": {"outer diameter": [6.625, "inch"], "inner diameter": [5.761, "inch"], "wall thickness": [0.43200000000000005, "inch"], "blockage diameter": [0.75, "inch"], "blockage ratio": 0.452949627680709, "DDT runup": [84.62125107978802, "inch"]}, "speeds": {"cj": [1812.1473197651553, "meter / second"], "reflected": [723.8483035493698, "meter / second"], "product sound": [351.82399649986803, "meter / second"]}, "dynamic load factor": 2, "flange class": "600", "window": {"width": [2.5, "inch"], "height": [5.75, "inch"], "thickness": [0.625, "inch"], "safety factor": 2.622147580454168}, "viewing section": {"number of bolts": 5, "safety factors": {"bolt": [1.3477926674092107, "dimensionless"], "plate": [2.9779185519136733, "dimensionless"]}}}, "H2": {"schedule": "80", "size": "NPS 6", "material": "316L", "safety factor": 4, "temperatures": {"initial": [300, "kelvin"], "cj": [2991.469110564019, "kelvin"], "reflected": [3374.8389802775655, "kelvin"]}, "pressures": {"initial": [1.958139652428363, "atmosphere"], "cj": [30.681566410670804, "atmosphere"], "reflected": [74.41970128706897, "atmosphere"]}, "dimensions": {"outer diameter": [6.625, "inch"], "inner diameter": [5.761, "inch"], "wall thickness": [0.43200000000000005, "inch"], "blockage diameter": [0.75, "inch"], "blockage ratio": 0.452949627680709, "DDT runup": [13.834171146905348, "inch"]}, "speeds": {"cj": [1982.5936212956876, "meter / second"], "reflected": [792.5821304303564, "meter / second"], "product sound": [373.46950638885687, "meter / second"]}, "dynamic load factor": 2, "flange class": "600", "window": {"width": [2.5, "inch"], "height": [5.75, "inch"], "thickness": [0.625, "inch"], "safety factor": 2.6150833223701127}, "viewing section": {"number of bolts": 5, "safety factors": {"bolt": [1.3513942871575382, "dimensionless"], "plate": [2.9858762523262303, "dimensionless"]}}}}, "8": {"CH4": {"schedule": "80", "size": "NPS 6", "material": "316L", "safety factor": 4, "temperatures": {"initial": [300, "kelvin"], "cj": [2810.5068828477597, "kelvin"], "reflected": [3189.2374869549517, "kelvin"]}, "pressures": {"initial": [1.775494051246097, "atmosphere"], "cj": [30.5989080183043, "atmosphere"], "reflected": [74.61589603754206, "atmosphere"]}, "dimensions": {"outer diameter": [6.625, "inch"], "inner diameter": [5.761, "inch"], "wall thickness": [0.43200000000000005, "inch"], "blockage diameter": [0.75, "inch"], "blockage ratio": 0.452949627680709, "DDT runup": [84.62125107978802, "inch"]}, "speeds": {"cj": [1812.1473197651553, "meter / second"], "reflected": [723.8483035493698, "meter / second"], "product sound": [351.82399649986803, "meter / second"]}, "dynamic load factor": 2, "flange class": "600", "window": {"width": [2.5, "inch"], "height": [5.75, "inch"], "thickness": [0.625, "inch"], "safety factor": 2.622147580454168}, "viewing section": {"number of bolts": 8, "safety factors": {"bolt": [2.1564682678547373, "dimensionless"], "plate": [4.764669683061878, "dimensionless"]}}}, "H2": {"schedule": "80", "size": "NPS 6", "material": "316L", "safety factor": 4, "temperatures": {"initial": [300, "kelvin"], "cj": [2991.469110564019, "kelvin"], "reflected": [3374.8389802775655, "kelvin"]}, "pressures": {"initial": [1.958139652428363, "atmosphere"], "cj": [30.681566410670804, "atmosphere"], "reflected": [74.41970128706897, "atmosphere"]}, "dimensions": {"outer diameter": [6.625, "inch"], "inner diameter": [5.761, "inch"], "wall thickness": [0.43200000000000005, "inch"], "blockage diameter": [0.75, "inch"], "blockage ratio": 0.452949627680709, "DDT runup": [13.834171146905348, "inch"]}, "speeds": {"cj": [1982.5936212956876, "meter / second"], "reflected": [792.5821304303564, "meter / second"], "product sound": [373.46950638885687, "meter / second"]}, "dynamic load factor": 2, "flange class": "600", "window": {"width": [2.5, "inch"], "height": [5.75, "inch"], "thickness": [0.625, "inch"], "safety factor": 2.6150833223701127}, "viewing section": {"number of bolts": 8, "safety factors": {"bolt": [2.162230859452061, "dimensionless"], "plate": [4.777402003721968, "dimensionless"]}}}}, "11": {"CH4": {"schedule": "80", "size": "NPS 6", "material": "316L", "safety factor": 4, "temperatures": {"initial": [300, "kelvin"], "cj": [2810.5068828477597, "kelvin"], "reflected": [3189.2374869549517, "kelvin"]}, "pressures": {"initial": [1.775494051246097, "atmosphere"], "cj": [30.5989080183043, "atmosphere"], "reflected": [74.61589603754206, "atmosphere"]}, "dimensions": {"outer diameter": [6.625, "inch"], "inner diameter": [5.761, "inch"], "wall thickness": [0.43200000000000005, "inch"], "blockage diameter": [0.75, "inch"], "blockage ratio": 0.452949627680709, "DDT runup": [84.62125107978802, "inch"]}, "speeds": {"cj": [1812.1473197651553, "meter / second"], "reflected": [723.8483035493698, "meter / second"], "product sound": [351.82399649986803, "meter / second"]}, "dynamic load factor": 2, "flange class": "600", "window": {"width": [2.5, "inch"], "height": [5.75, "inch"], "thickness": [0.625, "inch"], "safety factor": 2.622147580454168}, "viewing section": {"number of bolts": 11, "safety factors": {"bolt": [2.9651438683002636, "dimensionless"], "plate": [6.551420814210082, "dimensionless"]}}}, "H2": {"schedule": "80", "size": "NPS 6", "material": "316L", "safety factor": 4, "temperatures": {"initial": [300, "kelvin"], "cj": [2991.469110564019, "kelvin"], "reflected": [3374.8389802775655, "kelvin"]}, "pressures": {"initial": [1.958139652428363, "atmosphere"], "cj": [30.681566410670804, "atmosphere"], "reflected": [74.41970128706897, "atmosphere"]}, "dimensions": {"outer diameter": [6.625, "inch"], "inner diameter": [5.761, "inch"], "wall thickness": [0.43200000000000005, "inch"], "blockage diameter": [0.75, "inch"], "blockage ratio": 0.452949627680709, "DDT runup": [13.834171146905348, "inch"]}, "speeds": {"cj": [1982.5936212956876, "meter / second"], "reflected": [792.5821304303564, "meter / second"], "product sound": [373.46950638885687, "meter / second"]}, "dynamic load factor": 2, "flange class": "600", "window": {"width": [2.5, "inch"], "height": [5.75, "inch"], "thickness": [0.625, "inch"], "safety factor": 2.6150833223701127}, "viewing section": {"number of bolts": 11, "safety factors": {"bolt": [2.973067431746584, "dimensionless"], "plate": [6.5689277551177065, "dimensionless"]}}}}, "14": {"CH4": {"schedule": "80", "size": "NPS 6", "material": "316L", "safety factor": 4, "temperatures": {"initial": [300, "kelvin"], "cj": [2810.5068828477597, "kelvin"], "reflected": [3189.2374869549517, "kelvin"]}, "pressures": {"initial": [1.775494051246097, "atmosphere"], "cj": [30.5989080183043, "atmosphere"], "reflected": [74.61589603754206, "atmosphere"]}, "dimensions": {"outer diameter": [6.625, "inch"], "inner diameter": [5.761, "inch"], "wall thickness": [0.43200000000000005, "inch"], "blockage diameter": [0.75, "inch"], "blockage ratio": 0.452949627680709, "DDT runup": [84.62125107978802, "inch"]}, "speeds": {"cj": [1812.1473197651553, "meter / second"], "reflected": [723.8483035493698, "meter / second"], "product sound": [351.82399649986803, "meter / second"]}, "dynamic load factor": 2, "flange class": "600", "window": {"width": [2.5, "inch"], "height": [5.75, "inch"], "thickness": [0.625, "inch"], "safety factor": 2.622147580454168}, "viewing section": {"number of bolts": 14, "safety factors": {"bolt": [3.7738194687457907, "dimensionless"], "plate": [8.338171945358285, "dimensionless"]}}}, "H2": {"schedule": "80", "size": "NPS 6", "material": "316L", "safety factor": 4, "temperatures": {"initial": [300, "kelvin"],