{"0.75": {"CH4": {"schedule": "80", "size": "NPS 6", "material": "316L", "safety factor": 4, "temperatures": {"initial": [300, "kelvin"], "cj": [2531.258227624085, "kelvin"], "reflected": [2942.7552025008536, "kelvin"]}, "pressures": {"initial": [2.063754712216574, "atmosphere"], "cj": [30.9758747067575, "atmosphere"], "reflected": [74.51553220353901, "atmosphere"]}, "dimensions": {"outer diameter": [6.625, "inch"], "inner diameter": [5.761, "inch"], "wall thickness": [0.43200000000000005, "inch"], "blockage diameter": [0.75, "inch"], "blockage ratio": 0.452949627680709, "DDT runup": [174.68863067644043, "inch"]}, "speeds": {"cj": [1694.661686332134, "meter / second"], "reflected": [700.9983425028981, "meter / second"], "product sound": [350.8221767050712, "meter / second"]}, "dynamic load factor": 2, "flange class": "600", "window": {"width": [2.5, "inch"], "height": [5.75, "inch"], "thickness": [0.625, "inch"], "safety factor": 2.590236866087037}, "viewing section": {"number of bolts": 20, "safety factors": {"bolt": [5.398530727327394, "dimensionless"], "plate": [11.927936094864675, "dimensionless"]}}}, "H2": {"schedule": "80", "size": "NPS 6", "material": "316L", "safety factor": 4, "temperatures": {"initial": [300, "kelvin"], "cj": [2718.3808174277597, "kelvin"], "reflected": [3138.0349182797163, "kelvin"]}, "pressures": {"initial": [2.175480408422394, "atmosphere"], "cj": [31.01359370084798, "atmosphere"], "reflected": [74.50342914477635, "atmosphere"]}, "dimensions": {"outer diameter": [6.625, "inch"], "inner diameter": [5.761, "inch"], "wall thickness": [0.43200000000000005, "inch"], "blockage diameter": [0.75, "inch"], "blockage ratio": 0.452949627680709, "DDT runup": [27.745738228497896, "inch"]}, "speeds": {"cj": [1836.7743558337304, "meter / second"], "reflected": [756.2617079566568, "meter / second"], "product sound": [367.3174026044698, "meter / second"]}, "dynamic load factor": 2, "flange class": "600", "window": {"width": [2.5, "inch"], "height": [5.75, "inch"], "thickness": [0.625, "inch"], "safety factor": 2.5870865981759024}, "viewing section": {"number of bolts": 20, "safety factors": {"bolt": [5.39941964823061, "dimensionless"], "plate": [11.929900146245037, "dimensionless"]}}}}, "0.82": {"CH4": {"schedule": "80", "size": "NPS 6", "material": "316L", "safety factor": 4, "temperatures": {"initial": [300, "kelvin"], "cj": [2638.6737172368735, "kelvin"], "reflected": [3037.7272561273244, "kelvin"]}, "pressures": {"initial": [1.9528377102673582, "atmosphere"], "cj": [30.838315718924004, "atmosphere"], "reflected": [74.52206324665478, "atmosphere"]}, "dimensions": {"outer diameter": [6.625, "inch"], "inner diameter": [5.761, "inch"], "wall thickness": [0.43200000000000005, "inch"], "blockage diameter": [0.75, "inch"], "blockage ratio": 0.452949627680709, "DDT runup": [130.22545667510826, "inch"]}, "speeds": {"cj": [1736.4202589878914, "meter / second"], "reflected": [708.2584312994106, "meter / second"], "product sound": [351.10318953719684, "meter / second"]}, "dynamic load factor": 2, "flange class": "600", "window": {"width": [2.5, "inch"], "height": [5.75, "inch"], "thickness": [0.625, "inch"], "safety factor": 2.601791010768464}, "viewing section": {"number of bolts": 20, "safety factors": {"bolt": [5.398051170098107, "dimensionless"], "plate": [11.926876523608403, "dimensionless"]}}}, "H2": {"schedule": "80", "size": "NPS 6", "material": "316L", "safety factor": 4, "temperatures": {"initial": [300, "kelvin"], "cj": [2822.4968414176537, "kelvin"], "reflected": [3231.0158073663642, "kelvin"]}, "pressures": {"initial": [2.091246928156428, "atmosphere"], "cj": [30.918655701443267, "atmosphere"], "reflected": [74.53325800250393, "atmosphere"]}, "dimensions": {"outer diameter": [6.625, "inch"], "inner diameter": [5.761, "inch"], "wall thickness": [0.43200000000000005, "inch"], "blockage diameter": [0.75, "inch"], "blockage ratio": 0.452949627680709, "DDT runup": [21.174464010657758, "inch"]}, "speeds": {"cj": [1885.7404042208038, "meter / second"], "reflected": [767.8694075132994, "meter / second"], "product sound": [369.05702113811793, "meter / second"]}, "dynamic load factor": 2, "flange class": "600", "window": {"width": [2.5, "inch"], "height": [5.75, "inch"], "thickness": [0.625, "inch"], "safety factor": 2.5950304372706263}, "viewing section": {"number of bolts": 20, "safety factors": {"bolt": [5.397229366922891, "dimensionless"], "plate": [11.925060767386638, "dimensionless"]}}}}, "0.89": {"CH4": {"schedule": "80", "size": "NPS 6", "material": "316L", "safety factor": 4, "temperatures": {"initial": [300, "kelvin"], "cj": [2724.415886209919, "kelvin"], "reflected": [3111.577653794563, "kelvin"]}, "pressures": {"initial": [1.8648096852734717, "atmosphere"], "cj": [30.70142153448451, "atmosphere"], "reflected": [74.50462058305133, "atmosphere"]}, "dimensions": {"outer diameter": [6.625, "inch"], "inner diameter": [5.761, "inch"], "wall thickness": [0.43200000000000005, "inch"], "blockage diameter": [0.75, "inch"], "blockage ratio": 0.452949627680709, "DDT runup": [104.49583693265285, "inch"]}, "speeds": {"cj": [1771.32506812669, "meter / second"], "reflected": [714.4095477286523, "meter / second"], "product sound": [351.38385427622194, "meter / second"]}, "dynamic load factor": 2, "flange class": "600", "window": {"width": [2.5, "inch"], "height": [5.75, "inch"], "thickness": [0.625, "inch"], "safety factor": 2.6133921041608694}, "viewing section": {"number of bolts": 20, "safety factors": {"bolt": [5.399332128899435, "dimensionless"], "plate": [11.929706774188448, "dimensionless"]}}}, "H2": {"schedule": "80", "size": "NPS 6", "material": "316L", "safety factor": 4, "temperatures": {"initial": [300, "kelvin"], "cj": [2906.6159025438023, "kelvin"], "reflected": [3302.530509954813, "kelvin"]}, "pressures": {"initial": [2.0217817542480456, "atmosphere"], "cj": [30.77601087853207, "atmosphere"], "reflected": [74.41920573459026, "atmosphere"]}, "dimensions": {"outer diameter": [6.625, "inch"], "inner diameter": [5.761, "inch"], "wall thickness": [0.43200000000000005, "inch"], "blockage diameter": [0.75, "inch"], "blockage ratio": 0.452949627680709, "DDT runup": [17.28266377077082, "inch"]}, "speeds": {"cj": [1928.6179810519418, "meter / second"], "reflected": [777.9045447119178, "meter / second"], "product sound": [370.783322719893, "meter / second"]}, "dynamic load factor": 2, "flange class": "600", "window": {"width": [2.5, "inch"], "height": [5.75, "inch"], "thickness": [0.625, "inch"], "safety factor": 2.6070582357606478}, "viewing section": {"number of bolts": 20, "safety factors": {"bolt": [5.405613634276218, "dimensionless"], "plate": [11.943585623545466, "dimensionless"]}}}}, "0.96": {"CH4": {"schedule": "80", "size": "NPS 6", "material": "316L", "safety factor": 4, "temperatures": {"initial": [300, "kelvin"], "cj": [2786.316459922857, "kelvin"], "reflected": [3166.015438539215, "kelvin"]}, "pressures": {"initial": [1.8009549330877088, "atmosphere"], "cj": [30.60906733812023, "atmosphere"], "reflected": [74.52438876531131, "atmosphere"]}, "dimensions": {"outer diameter": [6.625, "inch"], "inner diameter": [5.761, "inch"], "wall thickness": [0.43200000000000005, "inch"], "blockage diameter": [0.75, "inch"], "blockage ratio": 0.452949627680709, "DDT runup": [89.55998466121953, "inch"]}, "speeds": {"cj": [1799.3050853878685, "meter / second"], "reflected": [720.3499397878179, "meter / second"], "product sound": [351.66410447840224, "meter / second"]}, "dynamic load factor": 2, "flange class": "600", "window": {"width": [2.5, "inch"], "height": [5.75, "inch"], "thickness": [0.625, "inch"], "safety factor": 2.6212772750776594}, "viewing section": {"number of bolts": 20, "safety factors": {"bolt": [5.397880433980259, "dimensionless"], "plate": [11.92649928587361, "dimensionless"]}}}, "H2": {"schedule": "80", "size": "NPS 6", "material": "316L", "safety factor": 4, "temperatures": {"initial": [300, "kelvin"],