{"5": {"CH4": {"schedule": "5", "size": "NPS 6", "material": "316L", "safety factor": 4, "temperatures": {"initial": [300, "kelvin"], "cj": [2731.5170436894077, "kelvin"], "reflected": [3069.803927293738, "kelvin"]}, "pressures": {"initial": [0.4343344950776796, "atmosphere"], "cj": [7.336494179117236, "atmosphere"], "reflected": [17.890183066595533, "atmosphere"]}, "dimensions": {"outer diameter": [6.625, "inch"], "inner diameter": [6.407, "inch"], "wall thickness": [0.109, "inch"], "blockage diameter": [0.875, "inch"], "blockage ratio": 0.4716727297716967, "DDT runup": [56.46412410858569, "inch"]}, "speeds": {"cj": [1788.9958143296972, "meter / second"], "reflected": [707.6343075133124, "meter / second"], "product sound": [351.82343117228936, "meter / second"]}, "dynamic load factor": 2, "flange class": "300", "window": {"width": [2.5, "inch"], "height": [5.75, "inch"], "thickness": [0.375, "inch"], "safety factor": 3.937104867761316}, "viewing section": {"number of bolts": 20, "safety factors": {"bolt": [23.497427942125203, "dimensionless"], "plate": [51.917055407057184, "dimensionless"]}}}, "H2": {"schedule": "5", "size": "NPS 6", "material": "316L", "safety factor": 4, "temperatures": {"initial": [300, "kelvin"], "cj": [2891.6785396188284, "kelvin"], "reflected": [3226.3088033997647, "kelvin"]}, "pressures": {"initial": [0.480949950886178, "atmosphere"], "cj": [7.3625966285679345, "atmosphere"], "reflected": [17.858145429209365, "atmosphere"]}, "dimensions": {"outer diameter": [6.625, "inch"], "inner diameter": [6.407, "inch"], "wall thickness": [0.109, "inch"], "blockage diameter": [0.875, "inch"], "blockage ratio": 0.4716727297716967, "DDT runup": [14.555770520912693, "inch"]}, "speeds": {"cj": [1953.200266519355, "meter / second"], "reflected": [772.4405123072773, "meter / second"], "product sound": [373.4695063885908, "meter / second"]}, "dynamic load factor": 2, "flange class": "300", "window": {"width": [2.5, "inch"], "height": [5.75, "inch"], "thickness": [0.375, "inch"], "safety factor": 3.9231467377730365}, "viewing section": {"number of bolts": 20, "safety factors": {"bolt": [23.542083036546984, "dimensionless"], "plate": [52.015719865865734, "dimensionless"]}}}}, "10": {"CH4": {"schedule": "10", "size": "NPS 6", "material": "316L", "safety factor": 4, "temperatures": {"initial": [300, "kelvin"], "cj": [2743.497627426517, "kelvin"], "reflected": [3087.4904546509174, "kelvin"]}, "pressures": {"initial": [0.5343153768141702, "atmosphere"], "cj": [9.049503909183542, "atmosphere"], "reflected": [22.05880500182198, "atmosphere"]}, "dimensions": {"outer diameter": [6.625, "inch"], "inner diameter": [6.357, "inch"], "wall thickness": [0.134, "inch"], "blockage diameter": [0.875, "inch"], "blockage ratio": 0.4747911909815459, "DDT runup": [58.64337902619044, "inch"]}, "speeds": {"cj": [1792.582544008932, "meter / second"], "reflected": [710.1521051189643, "meter / second"], "product sound": [351.82333007731364, "meter / second"]}, "dynamic load factor": 2, "flange class": "300", "window": {"width": [2.5, "inch"], "height": [5.75, "inch"], "thickness": [0.375, "inch"], "safety factor": 3.1918376117383267}, "viewing section": {"number of bolts": 20, "safety factors": {"bolt": [18.846076949869406, "dimensionless"], "plate": [41.63999666780293, "dimensionless"]}}}, "H2": {"schedule": "10", "size": "NPS 6", "material": "316L", "safety factor": 4, "temperatures": {"initial": [300, "kelvin"], "cj": [2907.0943259567744, "kelvin"], "reflected": [3248.723949454894, "kelvin"]}, "pressures": {"initial": [0.5918685582842046, "atmosphere"], "cj": [9.093432826729783, "atmosphere"], "reflected": [22.054979753547514, "atmosphere"]}, "dimensions": {"outer diameter": [6.625, "inch"], "inner diameter": [6.357, "inch"], "wall thickness": [0.134, "inch"], "blockage diameter": [0.875, "inch"], "blockage ratio": 0.4747911909815459, "DDT runup": [14.150921850181273, "inch"]}, "speeds": {"cj": [1957.794896178671, "meter / second"], "reflected": [775.4987627979568, "meter / second"], "product sound": [373.4695052936407, "meter / second"]}, "dynamic load factor": 2, "flange class": "300", "window": {"width": [2.5, "inch"], "height": [5.75, "inch"], "thickness": [0.375, "inch"], "safety factor": 3.176418355453188}, "viewing section": {"number of bolts": 20, "safety factors": {"bolt": [18.84950088682764, "dimensionless"], "plate": [41.64756178195964, "dimensionless"]}}}}, "40": {"CH4": {"schedule": "40", "size": "NPS 6", "material": "316L", "safety factor": 4, "temperatures": {"initial": [300, "kelvin"], "cj": [2785.90394827193, "kelvin"], "reflected": [3151.3575434440672, "kelvin"]}, "pressures": {"initial": [1.129952256663163, "atmosphere"], "cj": [19.344902739120617, "atmosphere"], "reflected": [47.15234510187593, "atmosphere"]}, "dimensions": {"outer diameter": [6.625, "inch"], "inner diameter": [6.0649999999999995, "inch"], "wall thickness": [0.28, "inch"], "blockage diameter": [0.75, "inch"], "blockage ratio": 0.43347386005821786, "DDT runup": [79.08203382310042, "inch"]}, "speeds": {"cj": [1805.0371606096498, "meter / second"], "reflected": [718.8351831360995, "meter / second"], "product sound": [351.82403562709067, "meter / second"]}, "dynamic load factor": 2, "flange class": "400", "window": {"width": [2.5, "inch"], "height": [5.75, "inch"], "thickness": [0.5, "inch"], "safety factor": 2.654461817271742}, "viewing section": {"number of bolts": 20, "safety factors": {"bolt": [8.599256628467625, "dimensionless"], "plate": [18.999870281090804, "dimensionless"]}}}, "H2": {"schedule": "40", "size": "NPS 6", "material": "316L", "safety factor": 4, "temperatures": {"initial": [300, "kelvin"], "cj": [2960.8362076281974, "kelvin"], "reflected": [3328.4024871124507, "kelvin"]}, "pressures": {"initial": [1.2492018311111672, "atmosphere"], "cj": [19.439335626820192, "atmosphere"], "reflected": [47.155665808574675, "atmosphere"]}, "dimensions": {"outer diameter": [6.625, "inch"], "inner diameter": [6.0649999999999995, "inch"], "wall thickness": [0.28, "inch"], "blockage diameter": [0.75, "inch"], "blockage ratio": 0.43347386005821786, "DDT runup": [14.953285710678196, "inch"]}, "speeds": {"cj": [1973.6301686896268, "meter / second"], "reflected": [786.2458945870796, "meter / second"], "product sound": [373.4695063900857, "meter / second"]}, "dynamic load factor": 2, "flange class": "400", "window": {"width": [2.5, "inch"], "height": [5.75, "inch"], "thickness": [0.5, "inch"], "safety factor": 2.641566906689132}, "viewing section": {"number of bolts": 20, "safety factors": {"bolt": [8.598637947996005, "dimensionless"], "plate": [18.998503320059854, "dimensionless"]}}}}, "80": {"CH4": {"schedule": "80", "size": "NPS 6", "material": "316L", "safety factor": 4, "temperatures": {"initial": [300, "kelvin"], "cj": [2810.5068828477597, "kelvin"], "reflected": [3189.2374869549517, "kelvin"]}, "pressures": {"initial": [1.775494051246097, "atmosphere"], "cj": [30.5989080183043, "atmosphere"], "reflected": [74.61589603754206, "atmosphere"]}, "dimensions": {"outer diameter": [6.625, "inch"], "inner diameter": [5.761, "inch"], "wall thickness": [0.43200000000000005, "inch"], "blockage diameter": [0.75, "inch"], "blockage ratio": 0.452949627680709, "DDT runup": [84.62125107978802, "inch"]}, "speeds": {"cj": [1812.1473197651553, "meter / second"], "reflected": [723.8483035493698, "meter / second"], "product sound": [351.82399649986803, "meter / second"]}, "dynamic load factor": 2, "flange class": "600", "window": {"width": [2.5, "inch"], "height": [5.75, "inch"], "thickness": [0.625, "inch"], "safety factor": 2.622147580454168}, "viewing section": {"number of bolts": 20, "safety factors": {"bolt": [5.391170669636843, "dimensionless"], "plate": [11.911674207654693, "dimensionless"]}}}, "H2": {"schedule": "80", "size": "NPS 6", "material": "316L", "safety factor": 4, "temperatures": {"initial": [300, "kelvin"], "cj": [2991.469110564019, "kelvin"], "reflected": [3374.8389802775655, "kelvin"]},