{"1": {"CH4": {"schedule": "80", "size": "NPS 1", "material": "316L", "safety factor": 4, "temperatures": {"initial": [300, "kelvin"], "cj": [2883.4299015484744, "kelvin"], "reflected": [3304.4279504524316, "kelvin"]}, "pressures": {"initial": [7.885603231609729, "atmosphere"], "cj": [138.1806931508937, "atmosphere"], "reflected": [336.660564182522, "atmosphere"]}, "dimensions": {"outer diameter": [1.315, "inch"], "inner diameter": [0.957, "inch"], "wall thickness": [0.179, "inch"], "blockage diameter": [0.125, "inch"], "blockage ratio": 0.4542233490455304, "DDT runup": [28.398952231067053, "inch"]}, "speeds": {"cj": [1833.3092420986982, "meter / second"], "reflected": [739.8863978315958, "meter / second"], "product sound": [351.82345464510684, "meter / second"]}, "dynamic load factor": 1, "flange class": "2500", "window": {"width": [2.5, "inch"], "height": [5.75, "inch"], "thickness": [1.25, "inch"], "safety factor": 2.3226067490375057}, "viewing section": {"number of bolts": 20, "safety factors": {"bolt": [1.182372616524659, "dimensionless"], "plate": [2.612426551326875, "dimensionless"]}}}, "H2": {"schedule": "80", "size": "NPS 1", "material": "316L", "safety factor": 4, "temperatures": {"initial": [300, "kelvin"], "cj": [2999.5141663549134, "kelvin"], "reflected": [3387.187546954965, "kelvin"]}, "pressures": {"initial": [2.210091330194333, "atmosphere"], "cj": [34.692949471967204, "atmosphere"], "reflected": [84.15137082786514, "atmosphere"]}, "dimensions": {"outer diameter": [1.315, "inch"], "inner diameter": [0.957, "inch"], "wall thickness": [0.179, "inch"], "blockage diameter": [0.125, "inch"], "blockage ratio": 0.4542233490455304, "DDT runup": [2.323045679072881, "inch"]}, "speeds": {"cj": [1984.9310285014953, "meter / second"], "reflected": [794.2522014672816, "meter / second"], "product sound": [373.46950638509026, "meter / second"]}, "dynamic load factor": 4, "flange class": "900", "window": {"width": [2.5, "inch"], "height": [5.75, "inch"], "thickness": [0.625, "inch"], "safety factor": 2.312713500752305}, "viewing section": {"number of bolts": 20, "safety factors": {"bolt": [4.772932250969379, "dimensionless"], "plate": [10.545689883081543, "dimensionless"]}}}}, "2": {"CH4": {"schedule": "80", "size": "NPS 2", "material": "316L", "safety factor": 4, "temperatures": {"initial": [300, "kelvin"], "cj": [2793.107522064222, "kelvin"], "reflected": [3162.32477947501, "kelvin"]}, "pressures": {"initial": [1.2900535683440697, "atmosphere"], "cj": [22.123222172857325, "atmosphere"], "reflected": [53.91859517156048, "atmosphere"]}, "dimensions": {"outer diameter": [2.375, "inch"], "inner diameter": [1.939, "inch"], "wall thickness": [0.218, "inch"], "blockage diameter": [0.25, "inch"], "blockage ratio": 0.4492354618866665, "DDT runup": [25.464703484837866, "inch"]}, "speeds": {"cj": [1807.1543631849302, "meter / second"], "reflected": [720.359489702476, "meter / second"], "product sound": [351.82403563538526, "meter / second"]}, "dynamic load factor": 4, "flange class": "400", "window": {"width": [2.5, "inch"], "height": [5.75, "inch"], "thickness": [0.5, "inch"], "safety factor": 2.3211042803173694}, "viewing section": {"number of bolts": 20, "safety factors": {"bolt": [7.4997429211786955, "dimensionless"], "plate": [16.570518685557186, "dimensionless"]}}}, "H2": {"schedule": "80", "size": "NPS 2", "material": "316L", "safety factor": 4, "temperatures": {"initial": [300, "kelvin"], "cj": [3015.8207466070994, "kelvin"], "reflected": [3412.5691263348094, "kelvin"]}, "pressures": {"initial": [2.8257407010976148, "atmosphere"], "cj": [44.54960682354054, "atmosphere"], "reflected": [108.12619947825536, "atmosphere"]}, "dimensions": {"outer diameter": [2.375, "inch"], "inner diameter": [1.939, "inch"], "wall thickness": [0.218, "inch"], "blockage diameter": [0.25, "inch"], "blockage ratio": 0.4492354618866665, "DDT runup": [4.917016481709746, "inch"]}, "speeds": {"cj": [1989.5744066984464, "meter / second"], "reflected": [797.490482106211, "meter / second"], "product sound": [373.4695055292582, "meter / second"]}, "dynamic load factor": 2, "flange class": "900", "window": {"width": [2.5, "inch"], "height": [5.75, "inch"], "thickness": [0.75, "inch"], "safety factor": 2.5934726705280067}, "viewing section": {"number of bolts": 20, "safety factors": {"bolt": [3.7047506722871315, "dimensionless"], "plate": [8.185565943481187, "dimensionless"]}}}}, "3": {"CH4": {"schedule": "80", "size": "NPS 3", "material": "316L", "safety factor": 4, "temperatures": {"initial": [300, "kelvin"], "cj": [2789.071406666241, "kelvin"], "reflected": [3156.1642258978145, "kelvin"]}, "pressures": {"initial": [1.1978750446248976, "atmosphere"], "cj": [20.52221427693352, "atmosphere"], "reflected": [50.0178735220164, "atmosphere"]}, "dimensions": {"outer diameter": [3.5, "inch"], "inner diameter": [2.9, "inch"], "wall thickness": [0.3, "inch"], "blockage diameter": [0.375, "inch"], "blockage ratio": 0.4503567181926278, "DDT runup": [36.94111968174133, "inch"]}, "speeds": {"cj": [1805.9731325906073, "meter / second"], "reflected": [719.5142566635028, "meter / second"], "product sound": [351.824035614197, "meter / second"]}, "dynamic load factor": 4, "flange class": "400", "window": {"width": [2.5, "inch"], "height": [5.75, "inch"], "thickness": [0.5, "inch"], "safety factor": 2.502181537863957}, "viewing section": {"number of bolts": 20, "safety factors": {"bolt": [8.09655399184901, "dimensionless"], "plate": [17.88915975128795, "dimensionless"]}}}, "H2": {"schedule": "80", "size": "NPS 3", "material": "316L", "safety factor": 4, "temperatures": {"initial": [300, "kelvin"], "cj": [3010.7322493170423, "kelvin"], "reflected": [3404.4977755728823, "kelvin"]}, "pressures": {"initial": [2.6238236072997556, "atmosphere"], "cj": [41.29089093559956, "atmosphere"], "reflected": [100.15514881198149, "atmosphere"]}, "dimensions": {"outer diameter": [3.5, "inch"], "inner diameter": [2.9, "inch"], "wall thickness": [0.3, "inch"], "blockage diameter": [0.375, "inch"], "blockage ratio": 0.4503567181926278, "DDT runup": [7.249945059989002, "inch"]}, "speeds": {"cj": [1988.1880419780225, "meter / second"], "reflected": [796.6057242026152, "meter / second"], "product sound": [373.46950638873784, "meter / second"]}, "dynamic load factor": 2, "flange class": "900", "window": {"width": [2.5, "inch"], "height": [5.75, "inch"], "thickness": [0.75, "inch"], "safety factor": 2.7981519691551977}, "viewing section": {"number of bolts": 20, "safety factors": {"bolt": [4.002574392674151, "dimensionless"], "plate": [8.843600968887051, "dimensionless"]}}}}, "4": {"CH4": {"schedule": "80", "size": "NPS 4", "material": "316L", "safety factor": 4, "temperatures": {"initial": [300, "kelvin"], "cj": [2817.90024889137, "kelvin"], "reflected": [3200.5222537452487, "kelvin"]}, "pressures": {"initial": [2.053999538222505, "atmosphere"], "cj": [35.440625510010264, "atmosphere"], "reflected": [86.37270843553756, "atmosphere"]}, "dimensions": {"outer diameter": [4.5, "inch"], "inner diameter": [3.826, "inch"], "wall thickness": [0.337, "inch"], "blockage diameter": [0.5, "inch"], "blockage ratio": 0.45442509760029115, "DDT runup": [59.53117639859285, "inch"]}, "speeds": {"cj": [1814.3726094740023, "meter / second"], "reflected": [725.5685909091325, "meter / second"], "product sound": [351.8239410621591, "meter / second"]}, "dynamic load factor": 2, "flange class": "900", "window": {"width": [2.5, "inch"], "height": [5.75, "inch"], "thickness": [0.625, "inch"], "safety factor": 2.26392315231778}, "viewing section": {"number of bolts": 20, "safety factors": {"bolt": [4.648743923080538, "dimensionless"], "plate": [10.271298476677613, "dimensionless"]}}}, "H2": {"schedule": "80", "size": "NPS 4", "material": "316L", "safety factor": 4, "temperatures": {"initial": [300, "kelvin"], "cj": [3001.3302548669903, "kelvin"], "reflected": [3390.007492543149, "kelvin"]}, "pressures": {"initial": [2.27039731427416, "atmosphere"],