{"300.0": {"CH4": {"schedule": "80", "size": "NPS 6", "material": "316L", "safety factor": 4, "temperatures": {"initial": [300.0, "kelvin"], "cj": [2810.5068828477597, "kelvin"], "reflected": [3189.2374869549517, "kelvin"]}, "pressures": {"initial": [1.775494051246097, "atmosphere"], "cj": [30.5989080183043, "atmosphere"], "reflected": [74.61589603754206, "atmosphere"]}, "dimensions": {"outer diameter": [6.625, "inch"], "inner diameter": [5.761, "inch"], "wall thickness": [0.43200000000000005, "inch"], "blockage diameter": [0.75, "inch"], "blockage ratio": 0.452949627680709, "DDT runup": [84.62125107978802, "inch"]}, "speeds": {"cj": [1812.1473197651553, "meter / second"], "reflected": [723.8483035493698, "meter / second"], "product sound": [351.82399649986803, "meter / second"]}, "dynamic load factor": 2, "flange class": "600", "window": {"width": [2.5, "inch"], "height": [5.75, "inch"], "thickness": [0.625, "inch"], "safety factor": 2.622147580454168}, "viewing section": {"number of bolts": 20, "safety factors": {"bolt": [5.391170669636843, "dimensionless"], "plate": [11.911674207654693, "dimensionless"]}}}, "H2": {"schedule": "80", "size": "NPS 6", "material": "316L", "safety factor": 4, "temperatures": {"initial": [300.0, "kelvin"], "cj": [2991.469110564019, "kelvin"], "reflected": [3374.8389802775655, "kelvin"]}, "pressures": {"initial": [1.958139652428363, "atmosphere"], "cj": [30.681566410670804, "atmosphere"], "reflected": [74.41970128706897, "atmosphere"]}, "dimensions": {"outer diameter": [6.625, "inch"], "inner diameter": [5.761, "inch"], "wall thickness": [0.43200000000000005, "inch"], "blockage diameter": [0.75, "inch"], "blockage ratio": 0.452949627680709, "DDT runup": [13.834171146905348, "inch"]}, "speeds": {"cj": [1982.5936212956876, "meter / second"], "reflected": [792.5821304303564, "meter / second"], "product sound": [373.46950638885687, "meter / second"]}, "dynamic load factor": 2, "flange class": "600", "window": {"width": [2.5, "inch"], "height": [5.75, "inch"], "thickness": [0.625, "inch"], "safety factor": 2.6150833223701127}, "viewing section": {"number of bolts": 20, "safety factors": {"bolt": [5.405577148630153, "dimensionless"], "plate": [11.943505009304921, "dimensionless"]}}}}, "320.0": {"CH4": {"schedule": "80", "size": "NPS 6", "material": "316L", "safety factor": 4, "temperatures": {"initial": [320.0, "kelvin"], "cj": [2817.842697889906, "kelvin"], "reflected": [3194.7324175660683, "kelvin"]}, "pressures": {"initial": [1.8973543510596642, "atmosphere"], "cj": [30.679699299932835, "atmosphere"], "reflected": [74.5342705662582, "atmosphere"]}, "dimensions": {"outer diameter": [6.625, "inch"], "inner diameter": [5.761, "inch"], "wall thickness": [0.43200000000000005, "inch"], "blockage diameter": [0.75, "inch"], "blockage ratio": 0.452949627680709, "DDT runup": [83.96925003710315, "inch"]}, "speeds": {"cj": [1811.6218174485643, "meter / second"], "reflected": [725.6377040943773, "meter / second"], "product sound": [363.0621415626206, "meter / second"]}, "dynamic load factor": 2, "flange class": "600", "window": {"width": [2.5, "inch"], "height": [5.75, "inch"], "thickness": [0.625, "inch"], "safety factor": 2.6152424715881097}, "viewing section": {"number of bolts": 20, "safety factors": {"bolt": [5.397155047305815, "dimensionless"], "plate": [11.92489655981094, "dimensionless"]}}}, "H2": {"schedule": "80", "size": "NPS 6", "material": "316L", "safety factor": 4, "temperatures": {"initial": [320.0, "kelvin"], "cj": [2999.763357292796, "kelvin"], "reflected": [3381.5025749060837, "kelvin"]}, "pressures": {"initial": [2.0958885346050296, "atmosphere"], "cj": [30.848320921191792, "atmosphere"], "reflected": [74.59842362569286, "atmosphere"]}, "dimensions": {"outer diameter": [6.625, "inch"], "inner diameter": [5.761, "inch"], "wall thickness": [0.43200000000000005, "inch"], "blockage diameter": [0.75, "inch"], "blockage ratio": 0.452949627680709, "DDT runup": [13.51778383439847, "inch"]}, "speeds": {"cj": [1981.7148657580183, "meter / second"], "reflected": [794.4467418839305, "meter / second"], "product sound": [385.5593519312728, "meter / second"]}, "dynamic load factor": 2, "flange class": "600", "window": {"width": [2.5, "inch"], "height": [5.75, "inch"], "thickness": [0.625, "inch"], "safety factor": 2.6009471578603023}, "viewing section": {"number of bolts": 20, "safety factors": {"bolt": [5.39245054425438, "dimensionless"], "plate": [11.91450206275426, "dimensionless"]}}}}, "340.0": {"CH4": {"schedule": "80", "size": "NPS 6", "material": "316L", "safety factor": 4, "temperatures": {"initial": [340.0, "kelvin"], "cj": [2825.359629313967, "kelvin"], "reflected": [3200.6364495210796, "kelvin"]}, "pressures": {"initial": [2.0193669517578705, "atmosphere"], "cj": [30.77140137662007, "atmosphere"], "reflected": [74.5090861163629, "atmosphere"]}, "dimensions": {"outer diameter": [6.625, "inch"], "inner diameter": [5.761, "inch"], "wall thickness": [0.43200000000000005, "inch"], "blockage diameter": [0.75, "inch"], "blockage ratio": 0.452949627680709, "DDT runup": [83.28159175494818, "inch"]}, "speeds": {"cj": [1811.0943189124748, "meter / second"], "reflected": [727.3595826266355, "meter / second"], "product sound": [373.9315167754994, "meter / second"]}, "dynamic load factor": 2, "flange class": "600", "window": {"width": [2.5, "inch"], "height": [5.75, "inch"], "thickness": [0.625, "inch"], "safety factor": 2.607448768508097}, "viewing section": {"number of bolts": 20, "safety factors": {"bolt": [5.399004130025343, "dimensionless"], "plate": [11.92898206781796, "dimensionless"]}}}, "H2": {"schedule": "80", "size": "NPS 6", "material": "316L", "safety factor": 4, "temperatures": {"initial": [340.0, "kelvin"], "cj": [3007.4251690935234, "kelvin"], "reflected": [3386.9027059749146, "kelvin"]}, "pressures": {"initial": [2.2322030470023515, "atmosphere"], "cj": [30.939839293189703, "atmosphere"], "reflected": [74.51098172556425, "atmosphere"]}, "dimensions": {"outer diameter": [6.625, "inch"], "inner diameter": [5.761, "inch"], "wall thickness": [0.43200000000000005, "inch"], "blockage diameter": [0.75, "inch"], "blockage ratio": 0.452949627680709, "DDT runup": [13.215096188503361, "inch"]}, "speeds": {"cj": [1980.80436718183, "meter / second"], "reflected": [796.5293075033743, "meter / second"], "product sound": [397.2508449757381, "meter / second"]}, "dynamic load factor": 2, "flange class": "600", "window": {"width": [2.5, "inch"], "height": [5.75, "inch"], "thickness": [0.625, "inch"], "safety factor": 2.593253696776544}, "viewing section": {"number of bolts": 20, "safety factors": {"bolt": [5.398864907263427, "dimensionless"], "plate": [11.92867445815693, "dimensionless"]}}}}, "360.0": {"CH4": {"schedule": "80", "size": "NPS 6", "material": "316L", "safety factor": 4, "temperatures": {"initial": [360.0, "kelvin"], "cj": [2832.9281749052147, "kelvin"], "reflected": [3206.6553426559485, "kelvin"]}, "pressures": {"initial": [2.142036262119211, "atmosphere"], "cj": [30.870283537877906, "atmosphere"], "reflected": [74.5075658409747, "atmosphere"]}, "dimensions": {"outer diameter": [6.625, "inch"], "inner diameter": [5.761, "inch"], "wall thickness": [0.43200000000000005, "inch"], "blockage diameter": [0.75, "inch"], "blockage ratio": 0.452949627680709, "DDT runup": [82.52599361699417, "inch"]}, "speeds": {"cj": [1810.5703608614028, "meter / second"], "reflected": [729.0739462118927, "meter / second"], "product sound": [384.4618516190744, "meter / second"]}, "dynamic load factor": 2, "flange class": "600", "window": {"width": [2.5, "inch"], "height": [5.75, "inch"], "thickness": [0.625, "inch"], "safety factor": 2.599096717925766}, "viewing section": {"number of bolts": 20, "safety factors": {"bolt": [5.399115791634671, "dimensionless"], "plate": [11.92922878171246, "dimensionless"]}}}, "H2": {"schedule": "80", "size": "NPS 6", "material": "316L", "safety factor": 4, "temperatures": {"initial": [360.0, "kelvin"],