{"75.0": {"CH4": {"schedule": "80", "size": "NPS 6", "material": "316L", "safety factor": 4, "temperatures": {"initial": [75.0, "degF"], "cj": [2812.033506622516, "kelvin"], "reflected": [3194.701539141018, "kelvin"]}, "pressures": {"initial": [1.725217013348365, "atmosphere"], "cj": [30.30363460273003, "atmosphere"], "reflected": [74.50622454785108, "atmosphere"]}, "dimensions": {"outer diameter": [6.625, "inch"], "inner diameter": [5.761, "inch"], "wall thickness": [0.43200000000000005, "inch"], "blockage diameter": [0.75, "inch"], "blockage ratio": 0.452949627680709, "DDT runup": [84.09885266179144, "inch"]}, "speeds": {"cj": [1811.9179827941227, "meter / second"], "reflected": [722.0001829448071, "meter / second"], "product sound": [350.127416319974, "meter / second"]}, "dynamic load factor": 2, "flange class": "600", "window": {"width": [2.5, "inch"], "height": [5.75, "inch"], "thickness": [0.625, "inch"], "safety factor": 2.647697336527016}, "viewing section": {"number of bolts": 20, "safety factors": {"bolt": [5.399214311140053, "dimensionless"], "plate": [11.929446458414448, "dimensionless"]}}}, "H2": {"schedule": "80", "size": "NPS 6", "material": "316L", "safety factor": 4, "temperatures": {"initial": [75.0, "degF"], "cj": [2993.3114154223113, "kelvin"], "reflected": [3381.109261531685, "kelvin"]}, "pressures": {"initial": [1.9041853679197907, "atmosphere"], "cj": [30.446141556227026, "atmosphere"], "reflected": [74.53781639069251, "atmosphere"]}, "dimensions": {"outer diameter": [6.625, "inch"], "inner diameter": [5.761, "inch"], "wall thickness": [0.43200000000000005, "inch"], "blockage diameter": [0.75, "inch"], "blockage ratio": 0.452949627680709, "DDT runup": [13.862289802358235, "inch"]}, "speeds": {"cj": [1982.3804373078021, "meter / second"], "reflected": [790.2809525121046, "meter / second"], "product sound": [371.64439125258036, "meter / second"]}, "dynamic load factor": 2, "flange class": "600", "window": {"width": [2.5, "inch"], "height": [5.75, "inch"], "thickness": [0.625, "inch"], "safety factor": 2.6353044597313264}, "viewing section": {"number of bolts": 20, "safety factors": {"bolt": [5.396894808898125, "dimensionless"], "plate": [11.924321568715557, "dimensionless"]}}}}, "140.0": {"CH4": {"schedule": "80", "size": "NPS 6", "material": "316L", "safety factor": 4, "temperatures": {"initial": [140.0, "degF"], "cj": [2822.5559634410347, "kelvin"], "reflected": [3200.953953245556, "kelvin"]}, "pressures": {"initial": [1.8219134193306656, "atmosphere"], "cj": [28.607498094956075, "atmosphere"], "reflected": [69.98011875952196, "atmosphere"]}, "dimensions": {"outer diameter": [6.625, "inch"], "inner diameter": [5.761, "inch"], "wall thickness": [0.43200000000000005, "inch"], "blockage diameter": [0.75, "inch"], "blockage ratio": 0.452949627680709, "DDT runup": [80.78597155989968, "inch"]}, "speeds": {"cj": [1809.980043095593, "meter / second"], "reflected": [724.2054614633488, "meter / second"], "product sound": [370.24846886298457, "meter / second"]}, "dynamic load factor": 2, "flange class": "600", "window": {"width": [2.5, "inch"], "height": [5.75, "inch"], "thickness": [0.625, "inch"], "safety factor": 2.8046791214811906}, "viewing section": {"number of bolts": 20, "safety factors": {"bolt": [5.75348182452712, "dimensionless"], "plate": [12.712192815451399, "dimensionless"]}}}, "H2": {"schedule": "80", "size": "NPS 6", "material": "316L", "safety factor": 4, "temperatures": {"initial": [140.0, "degF"], "cj": [3003.5658310531485, "kelvin"], "reflected": [3385.907159480413, "kelvin"]}, "pressures": {"initial": [2.012277300727358, "atmosphere"], "cj": [28.749103678243895, "atmosphere"], "reflected": [69.98035654923925, "atmosphere"]}, "dimensions": {"outer diameter": [6.625, "inch"], "inner diameter": [5.761, "inch"], "wall thickness": [0.43200000000000005, "inch"], "blockage diameter": [0.75, "inch"], "blockage ratio": 0.452949627680709, "DDT runup": [13.209994838754525, "inch"]}, "speeds": {"cj": [1979.4663775223314, "meter / second"], "reflected": [792.7674586320834, "meter / second"], "product sound": [393.2892687920483, "meter / second"]}, "dynamic load factor": 2, "flange class": "600", "window": {"width": [2.5, "inch"], "height": [5.75, "inch"], "thickness": [0.625, "inch"], "safety factor": 2.790864491732124}, "viewing section": {"number of bolts": 20, "safety factors": {"bolt": [5.753461991071846, "dimensionless"], "plate": [12.71214899386382, "dimensionless"]}}}}, "205.0": {"CH4": {"schedule": "80", "size": "NPS 6", "material": "316L", "safety factor": 4, "temperatures": {"initial": [205.0, "degF"], "cj": [2830.3232189014243, "kelvin"], "reflected": [3203.0997563464657, "kelvin"]}, "pressures": {"initial": [1.8184846196994813, "atmosphere"], "cj": [25.805857648834028, "atmosphere"], "reflected": [62.79786879481413, "atmosphere"]}, "dimensions": {"outer diameter": [6.625, "inch"], "inner diameter": [5.761, "inch"], "wall thickness": [0.43200000000000005, "inch"], "blockage diameter": [0.75, "inch"], "blockage ratio": 0.452949627680709, "DDT runup": [75.9600426536585, "inch"]}, "speeds": {"cj": [1807.2468461805372, "meter / second"], "reflected": [725.9366841137197, "meter / second"], "product sound": [389.2307643308174, "meter / second"]}, "dynamic load factor": 2, "flange class": "600", "window": {"width": [2.5, "inch"], "height": [5.75, "inch"], "thickness": [0.625, "inch"], "safety factor": 3.1091721002483905}, "viewing section": {"number of bolts": 20, "safety factors": {"bolt": [6.422160946267719, "dimensionless"], "plate": [14.189624775172906, "dimensionless"]}}}, "H2": {"schedule": "80", "size": "NPS 6", "material": "316L", "safety factor": 4, "temperatures": {"initial": [205.0, "degF"], "cj": [3010.2483483801702, "kelvin"], "reflected": [3385.5104262815266, "kelvin"]}, "pressures": {"initial": [2.0106375302435597, "atmosphere"], "cj": [25.945950523719763, "atmosphere"], "reflected": [62.784564765842966, "atmosphere"]}, "dimensions": {"outer diameter": [6.625, "inch"], "inner diameter": [5.761, "inch"], "wall thickness": [0.43200000000000005, "inch"], "blockage diameter": [0.75, "inch"], "blockage ratio": 0.452949627680709, "DDT runup": [12.551540125533869, "inch"]}, "speeds": {"cj": [1975.492817791151, "meter / second"], "reflected": [794.6554251045984, "meter / second"], "product sound": [413.7038892245054, "meter / second"]}, "dynamic load factor": 2, "flange class": "600", "window": {"width": [2.5, "inch"], "height": [5.75, "inch"], "thickness": [0.625, "inch"], "safety factor": 3.0923843993067677}, "viewing section": {"number of bolts": 20, "safety factors": {"bolt": [6.423543825885152, "dimensionless"], "plate": [14.192680217576916, "dimensionless"]}}}}, "270.0": {"CH4": {"schedule": "80", "size": "NPS 6", "material": "316L", "safety factor": 4, "temperatures": {"initial": [270.0, "degF"], "cj": [2839.927723018527, "kelvin"], "reflected": [3208.189072800222, "kelvin"]}, "pressures": {"initial": [1.8651342244024531, "atmosphere"], "cj": [24.162027802135686, "atmosphere"], "reflected": [58.490848648580034, "atmosphere"]}, "dimensions": {"outer diameter": [6.625, "inch"], "inner diameter": [5.761, "inch"], "wall thickness": [0.43200000000000005, "inch"], "blockage diameter": [0.75, "inch"], "blockage ratio": 0.452949627680709, "DDT runup": [72.27159427831089, "inch"]}, "speeds": {"cj": [1805.050537930504, "meter / second"], "reflected": [728.0963600439437, "meter / second"], "product sound": [407.2292792479389, "meter / second"]}, "dynamic load factor": 2, "flange class": "600", "window": {"width": [2.5, "inch"], "height": [5.75, "inch"], "thickness": [0.5, "inch"], "safety factor": 2.125248182823976}, "viewing section": {"number of bolts": 20, "safety factors": {"bolt": [6.903287546903072, "dimensionless"], "plate": [15.25266352326558, "dimensionless"]}}}, "H2": {"schedule": "80", "size": "NPS 6", "material": "316L", "safety factor": 4, "temperatures": {"initial": [270.0, "degF"],